Workbook

Sheet Kalyan
A1: Year | B1: Q1 | C1: Q2 | D1: Q3 | E1: Q4
A2: 2023 | B2: 41 | C2: 56 | D2: 47 | E2: 51
A3: 2024 | B3: 45 | C3: 49 | D3: 56 | E3: 54
A4: 2025 | B4: 47 | C4: 59 | D4: 51 | E4: 44

Sheet Thane
A1: Year | B1: Q1 | C1: Q2 | D1: Q3 | E1: Q4
A2: 2023 | B2: 47 | C2: 51 | D2: 56 | E2: 41
A3: 2024 | B3: 56 | C3: 54 | D3: 49 | E3: 45
A4: 2025 | B4: 51 | C4: 44 | D4: 59 | E4: 47

Sheet Mumbai
A1: Year | B1: Q1 | C1: Q2 | D1: Q3 | E1: Q4
A2: 2023 | B2: =RANDBETWEEN(60,70) -> 66 | C2: =RANDBETWEEN(60,70) -> 62 | D2: =RANDBETWEEN(60,70) -> 70 | E2: =RANDBETWEEN(60,70) -> 66
A3: 2024 | B3: =RANDBETWEEN(60,70) -> 64 | C3: =RANDBETWEEN(60,70) -> 62 | D3: =RANDBETWEEN(60,70) -> 70 | E3: =RANDBETWEEN(60,70) -> 66
A4: 2025 | B4: =RANDBETWEEN(60,70) -> 70 | C4: =RANDBETWEEN(60,70) -> 62 | D4: =RANDBETWEEN(60,70) -> 62 | E4: =RANDBETWEEN(60,70) -> 61

Sheet Consolidate
C1: Q1 | D1: Q2 | E1: Q3 | F1: Q4
B11: Consolidation Prac | C11: =Kalyan!$B$2 -> 41 | D11: =Kalyan!$C$2 -> 56 | E11: =Kalyan!$D$2 -> 47 | F11: =Kalyan!$E$2 -> 51
B12: Consolidation Prac | C12: =Mumbai!$B$2 -> 66 | D12: =Mumbai!$C$2 -> 62 | E12: =Mumbai!$D$2 -> 70 | F12: =Mumbai!$E$2 -> 66
B13: Consolidation Prac | C13: =Thane!$B$2 -> 47 | D13: =Thane!$C$2 -> 51 | E13: =Thane!$D$2 -> 56 | F13: =Thane!$E$2 -> 41
A14: 2023 | C14: =SUM(C11:C13) -> 154 | D14: =SUM(D11:D13) -> 169 | E14: =SUM(E11:E13) -> 173 | F14: =SUM(F11:F13) -> 158
B24: Consolidation Prac | C24: =Kalyan!$B$3 -> 45 | D24: =Kalyan!$C$3 -> 49 | E24: =Kalyan!$D$3 -> 56 | F24: =Kalyan!$E$3 -> 54
B25: Consolidation Prac | C25: =Mumbai!$B$3 -> 64 | D25: =Mumbai!$C$3 -> 62 | E25: =Mumbai!$D$3 -> 70 | F25: =Mumbai!$E$3 -> 66
B26: Consolidation Prac | C26: =Thane!$B$3 -> 56 | D26: =Thane!$C$3 -> 54 | E26: =Thane!$D$3 -> 49 | F26: =Thane!$E$3 -> 45
A27: 2024 | C27: =SUM(C24:C26) -> 165 | D27: =SUM(D24:D26) -> 165 | E27: =SUM(E24:E26) -> 175 | F27: =SUM(F24:F26) -> 165
B37: Consolidation Prac | C37: =Kalyan!$B$4 -> 47 | D37: =Kalyan!$C$4 -> 59 | E37: =Kalyan!$D$4 -> 51 | F37: =Kalyan!$E$4 -> 44
B38: Consolidation Prac | C38: =Mumbai!$B$4 -> 70 | D38: =Mumbai!$C$4 -> 62 | E38: =Mumbai!$D$4 -> 62 | F38: =Mumbai!$E$4 -> 61
B39: Consolidation Prac | C39: =Thane!$B$4 -> 51 | D39: =Thane!$C$4 -> 44 | E39: =Thane!$D$4 -> 59 | F39: =Thane!$E$4 -> 47
A40: 2025 | C40: =SUM(C37:C39) -> 168 | D40: =SUM(D37:D39) -> 165 | E40: =SUM(E37:E39) -> 172 | F40: =SUM(F37:F39) -> 152
